Request ID,Host,Endpoint,Parameter,Value,Source
REQ-0001,intake-analytics.wikimedia.org,/v1/events,$schema,/analytics/mobile_apps/android_breadcrumbs_event/1.1.0,JSON_Payload
REQ-0001,intake-analytics.wikimedia.org,/v1/events,meta_stream,android.breadcrumbs_event,JSON_Payload
REQ-0001,intake-analytics.wikimedia.org,/v1/events,dt,2026-08-23T19:15:45.864Z,JSON_Payload
REQ-0001,intake-analytics.wikimedia.org,/v1/events,is_anon,True,JSON_Payload
REQ-0001,intake-analytics.wikimedia.org,/v1/events,app_session_id,7fed40330db585ba30ad,JSON_Payload
REQ-0001,intake-analytics.wikimedia.org,/v1/events,app_install_id,fc17bc52-b6d6-4e4f-b7f5-233a115fbd80,JSON_Payload
REQ-0001,intake-analytics.wikimedia.org,/v1/events,is_temp,False,JSON_Payload
REQ-0001,intake-analytics.wikimedia.org,/v1/events,screen_name,MainActivity.HOME,JSON_Payload
REQ-0001,intake-analytics.wikimedia.org,/v1/events,action,nav_tab_search.click,JSON_Payload
REQ-0001,intake-analytics.wikimedia.org,/v1/events,app_primary_language_code,en,JSON_Payload
REQ-0002,intake-analytics.wikimedia.org,/v1/events,$schema,/analytics/mobile_apps/android_breadcrumbs_event/1.1.0,JSON_Payload
REQ-0002,intake-analytics.wikimedia.org,/v1/events,meta_stream,android.breadcrumbs_event,JSON_Payload
REQ-0002,intake-analytics.wikimedia.org,/v1/events,dt,2026-08-23T19:15:46.754Z,JSON_Payload
REQ-0002,intake-analytics.wikimedia.org,/v1/events,is_anon,True,JSON_Payload
REQ-0002,intake-analytics.wikimedia.org,/v1/events,app_session_id,7fed40330db585ba30ad,JSON_Payload
REQ-0002,intake-analytics.wikimedia.org,/v1/events,app_install_id,fc17bc52-b6d6-4e4f-b7f5-233a115fbd80,JSON_Payload
REQ-0002,intake-analytics.wikimedia.org,/v1/events,is_temp,False,JSON_Payload
REQ-0002,intake-analytics.wikimedia.org,/v1/events,screen_name,MainActivity.SEARCH,JSON_Payload
REQ-0002,intake-analytics.wikimedia.org,/v1/events,action,search_card.click,JSON_Payload
REQ-0002,intake-analytics.wikimedia.org,/v1/events,app_primary_language_code,en,JSON_Payload
REQ-0003,intake-analytics.wikimedia.org,/v1/events,$schema,/analytics/product_metrics/app/base/2.0.0,JSON_Payload
REQ-0003,intake-analytics.wikimedia.org,/v1/events,dt,2026-08-23T19:15:46.819Z,JSON_Payload
REQ-0003,intake-analytics.wikimedia.org,/v1/events,meta_stream,product_metrics.app_base,JSON_Payload
REQ-0003,intake-analytics.wikimedia.org,/v1/events,instrument_name,apps-search,JSON_Payload
REQ-0003,intake-analytics.wikimedia.org,/v1/events,agent_app_flavor,prodrelease,JSON_Payload
REQ-0003,intake-analytics.wikimedia.org,/v1/events,agent_app_install_id,fc17bc52-b6d6-4e4f-b7f5-233a115fbd80,JSON_Payload
REQ-0003,intake-analytics.wikimedia.org,/v1/events,agent_app_theme,DARK,JSON_Payload
REQ-0003,intake-analytics.wikimedia.org,/v1/events,agent_app_version,598,JSON_Payload
REQ-0003,intake-analytics.wikimedia.org,/v1/events,agent_app_version_name,WikipediaApp/50598-r-2026-07-13,JSON_Payload
REQ-0003,intake-analytics.wikimedia.org,/v1/events,agent_client_platform,android,JSON_Payload
REQ-0003,intake-analytics.wikimedia.org,/v1/events,agent_client_platform_family,app,JSON_Payload
REQ-0003,intake-analytics.wikimedia.org,/v1/events,agent_device_family,google Pixel 6a,JSON_Payload
REQ-0003,intake-analytics.wikimedia.org,/v1/events,agent_device_language,en,JSON_Payload
REQ-0003,intake-analytics.wikimedia.org,/v1/events,agent_release_status,prod,JSON_Payload
REQ-0003,intake-analytics.wikimedia.org,/v1/events,mediawiki_database,enwiki,JSON_Payload
REQ-0003,intake-analytics.wikimedia.org,/v1/events,performer_is_logged_in,False,JSON_Payload
REQ-0003,intake-analytics.wikimedia.org,/v1/events,performer_is_temp,False,JSON_Payload
REQ-0003,intake-analytics.wikimedia.org,/v1/events,performer_session_id,1f2e1a4f6a794b994293,JSON_Payload
REQ-0003,intake-analytics.wikimedia.org,/v1/events,performer_language_groups,en,JSON_Payload
REQ-0003,intake-analytics.wikimedia.org,/v1/events,performer_language_primary,en,JSON_Payload
REQ-0003,intake-analytics.wikimedia.org,/v1/events,action,search_impression,JSON_Payload
REQ-0003,intake-analytics.wikimedia.org,/v1/events,action_source,navMenu,JSON_Payload
REQ-0003,intake-analytics.wikimedia.org,/v1/events,action_context,"{""time_spent_ms"":""16""}",JSON_Payload
REQ-0003,intake-analytics.wikimedia.org,/v1/events,funnel_name,search,JSON_Payload
REQ-0003,intake-analytics.wikimedia.org,/v1/events,funnel_entry_token,586a2af3fbf6d10b307e,JSON_Payload
REQ-0003,intake-analytics.wikimedia.org,/v1/events,funnel_event_sequence_position,1,JSON_Payload
REQ-0003,intake-analytics.wikimedia.org,/v1/events,experiment_assigned,control,JSON_Payload
REQ-0003,intake-analytics.wikimedia.org,/v1/events,experiment_enrolled,apps_hybridsearch,JSON_Payload
REQ-0003,intake-analytics.wikimedia.org,/v1/events,experiment_coordinator,custom,JSON_Payload
REQ-0003,intake-analytics.wikimedia.org,/v1/events,experiment_subject_id,fc17bc52-b6d6-4e4f-b7f5-233a115fbd80,JSON_Payload
REQ-0004,intake-analytics.wikimedia.org,/v1/events,$schema,/analytics/product_metrics/app/base/2.0.0,JSON_Payload
REQ-0004,intake-analytics.wikimedia.org,/v1/events,dt,2026-08-23T19:15:46.829Z,JSON_Payload
REQ-0004,intake-analytics.wikimedia.org,/v1/events,meta_stream,product_metrics.app_base,JSON_Payload
REQ-0004,intake-analytics.wikimedia.org,/v1/events,instrument_name,apps-open,JSON_Payload
REQ-0004,intake-analytics.wikimedia.org,/v1/events,agent_app_flavor,prodrelease,JSON_Payload
REQ-0004,intake-analytics.wikimedia.org,/v1/events,agent_app_install_id,fc17bc52-b6d6-4e4f-b7f5-233a115fbd80,JSON_Payload
REQ-0004,intake-analytics.wikimedia.org,/v1/events,agent_app_theme,DARK,JSON_Payload
REQ-0004,intake-analytics.wikimedia.org,/v1/events,agent_app_version,598,JSON_Payload
REQ-0004,intake-analytics.wikimedia.org,/v1/events,agent_app_version_name,WikipediaApp/50598-r-2026-07-13,JSON_Payload
REQ-0004,intake-analytics.wikimedia.org,/v1/events,agent_client_platform,android,JSON_Payload
REQ-0004,intake-analytics.wikimedia.org,/v1/events,agent_client_platform_family,app,JSON_Payload
REQ-0004,intake-analytics.wikimedia.org,/v1/events,agent_device_family,google Pixel 6a,JSON_Payload
REQ-0004,intake-analytics.wikimedia.org,/v1/events,agent_device_language,en,JSON_Payload
REQ-0004,intake-analytics.wikimedia.org,/v1/events,agent_release_status,prod,JSON_Payload
REQ-0004,intake-analytics.wikimedia.org,/v1/events,mediawiki_database,enwiki,JSON_Payload
REQ-0004,intake-analytics.wikimedia.org,/v1/events,performer_is_logged_in,False,JSON_Payload
REQ-0004,intake-analytics.wikimedia.org,/v1/events,performer_is_temp,False,JSON_Payload
REQ-0004,intake-analytics.wikimedia.org,/v1/events,performer_session_id,1f2e1a4f6a794b994293,JSON_Payload
REQ-0004,intake-analytics.wikimedia.org,/v1/events,performer_language_groups,en,JSON_Payload
REQ-0004,intake-analytics.wikimedia.org,/v1/events,performer_language_primary,en,JSON_Payload
REQ-0004,intake-analytics.wikimedia.org,/v1/events,action,app_open,JSON_Payload
REQ-0004,intake-analytics.wikimedia.org,/v1/events,action_subtype,SearchActivity,JSON_Payload
REQ-0004,intake-analytics.wikimedia.org,/v1/events,action_source,background,JSON_Payload
REQ-0005,intake-analytics.wikimedia.org,/v1/events,$schema,/analytics/product_metrics/app/base/2.0.0,JSON_Payload
REQ-0005,intake-analytics.wikimedia.org,/v1/events,dt,2026-08-23T19:15:48.326Z,JSON_Payload
REQ-0005,intake-analytics.wikimedia.org,/v1/events,meta_stream,product_metrics.app_base,JSON_Payload
REQ-0005,intake-analytics.wikimedia.org,/v1/events,instrument_name,apps-search,JSON_Payload
REQ-0005,intake-analytics.wikimedia.org,/v1/events,agent_app_flavor,prodrelease,JSON_Payload
REQ-0005,intake-analytics.wikimedia.org,/v1/events,agent_app_install_id,fc17bc52-b6d6-4e4f-b7f5-233a115fbd80,JSON_Payload
REQ-0005,intake-analytics.wikimedia.org,/v1/events,agent_app_theme,DARK,JSON_Payload
REQ-0005,intake-analytics.wikimedia.org,/v1/events,agent_app_version,598,JSON_Payload
REQ-0005,intake-analytics.wikimedia.org,/v1/events,agent_app_version_name,WikipediaApp/50598-r-2026-07-13,JSON_Payload
REQ-0005,intake-analytics.wikimedia.org,/v1/events,agent_client_platform,android,JSON_Payload
REQ-0005,intake-analytics.wikimedia.org,/v1/events,agent_client_platform_family,app,JSON_Payload
REQ-0005,intake-analytics.wikimedia.org,/v1/events,agent_device_family,google Pixel 6a,JSON_Payload
REQ-0005,intake-analytics.wikimedia.org,/v1/events,agent_device_language,en,JSON_Payload
REQ-0005,intake-analytics.wikimedia.org,/v1/events,agent_release_status,prod,JSON_Payload
REQ-0005,intake-analytics.wikimedia.org,/v1/events,mediawiki_database,enwiki,JSON_Payload
REQ-0005,intake-analytics.wikimedia.org,/v1/events,performer_is_logged_in,False,JSON_Payload
REQ-0005,intake-analytics.wikimedia.org,/v1/events,performer_is_temp,False,JSON_Payload
REQ-0005,intake-analytics.wikimedia.org,/v1/events,performer_session_id,1f2e1a4f6a794b994293,JSON_Payload
REQ-0005,intake-analytics.wikimedia.org,/v1/events,performer_language_groups,en,JSON_Payload
REQ-0005,intake-analytics.wikimedia.org,/v1/events,performer_language_primary,en,JSON_Payload
REQ-0005,intake-analytics.wikimedia.org,/v1/events,action,search_init,JSON_Payload
REQ-0005,intake-analytics.wikimedia.org,/v1/events,action_source,search,JSON_Payload
REQ-0005,intake-analytics.wikimedia.org,/v1/events,action_context,"{""time_spent_ms"":""1522"",""query"":""su""}",JSON_Payload
REQ-0005,intake-analytics.wikimedia.org,/v1/events,funnel_name,search,JSON_Payload
REQ-0005,intake-analytics.wikimedia.org,/v1/events,funnel_entry_token,586a2af3fbf6d10b307e,JSON_Payload
REQ-0005,intake-analytics.wikimedia.org,/v1/events,funnel_event_sequence_position,2,JSON_Payload
REQ-0005,intake-analytics.wikimedia.org,/v1/events,experiment_assigned,control,JSON_Payload
REQ-0005,intake-analytics.wikimedia.org,/v1/events,experiment_enrolled,apps_hybridsearch,JSON_Payload
REQ-0005,intake-analytics.wikimedia.org,/v1/events,experiment_coordinator,custom,JSON_Payload
REQ-0005,intake-analytics.wikimedia.org,/v1/events,experiment_subject_id,fc17bc52-b6d6-4e4f-b7f5-233a115fbd80,JSON_Payload
REQ-0006,intake-analytics.wikimedia.org,/v1/events,$schema,/analytics/product_metrics/app/base/2.0.0,JSON_Payload
REQ-0006,intake-analytics.wikimedia.org,/v1/events,dt,2026-08-23T19:15:48.879Z,JSON_Payload
REQ-0006,intake-analytics.wikimedia.org,/v1/events,meta_stream,product_metrics.app_base,JSON_Payload
REQ-0006,intake-analytics.wikimedia.org,/v1/events,instrument_name,apps-search,JSON_Payload
REQ-0006,intake-analytics.wikimedia.org,/v1/events,agent_app_flavor,prodrelease,JSON_Payload
REQ-0006,intake-analytics.wikimedia.org,/v1/events,agent_app_install_id,fc17bc52-b6d6-4e4f-b7f5-233a115fbd80,JSON_Payload
REQ-0006,intake-analytics.wikimedia.org,/v1/events,agent_app_theme,DARK,JSON_Payload
REQ-0006,intake-analytics.wikimedia.org,/v1/events,agent_app_version,598,JSON_Payload
REQ-0006,intake-analytics.wikimedia.org,/v1/events,agent_app_version_name,WikipediaApp/50598-r-2026-07-13,JSON_Payload
REQ-0006,intake-analytics.wikimedia.org,/v1/events,agent_client_platform,android,JSON_Payload
REQ-0006,intake-analytics.wikimedia.org,/v1/events,agent_client_platform_family,app,JSON_Payload
REQ-0006,intake-analytics.wikimedia.org,/v1/events,agent_device_family,google Pixel 6a,JSON_Payload
REQ-0006,intake-analytics.wikimedia.org,/v1/events,agent_device_language,en,JSON_Payload
REQ-0006,intake-analytics.wikimedia.org,/v1/events,agent_release_status,prod,JSON_Payload
REQ-0006,intake-analytics.wikimedia.org,/v1/events,mediawiki_database,enwiki,JSON_Payload
REQ-0006,intake-analytics.wikimedia.org,/v1/events,performer_is_logged_in,False,JSON_Payload
REQ-0006,intake-analytics.wikimedia.org,/v1/events,performer_is_temp,False,JSON_Payload
REQ-0006,intake-analytics.wikimedia.org,/v1/events,performer_session_id,1f2e1a4f6a794b994293,JSON_Payload
REQ-0006,intake-analytics.wikimedia.org,/v1/events,performer_language_groups,en,JSON_Payload
REQ-0006,intake-analytics.wikimedia.org,/v1/events,performer_language_primary,en,JSON_Payload
REQ-0006,intake-analytics.wikimedia.org,/v1/events,action,search_init,JSON_Payload
REQ-0006,intake-analytics.wikimedia.org,/v1/events,action_source,search,JSON_Payload
REQ-0006,intake-analytics.wikimedia.org,/v1/events,action_context,"{""time_spent_ms"":""2075"",""query"":""sunny""}",JSON_Payload
REQ-0006,intake-analytics.wikimedia.org,/v1/events,funnel_name,search,JSON_Payload
REQ-0006,intake-analytics.wikimedia.org,/v1/events,funnel_entry_token,586a2af3fbf6d10b307e,JSON_Payload
REQ-0006,intake-analytics.wikimedia.org,/v1/events,funnel_event_sequence_position,3,JSON_Payload
REQ-0006,intake-analytics.wikimedia.org,/v1/events,experiment_assigned,control,JSON_Payload
REQ-0006,intake-analytics.wikimedia.org,/v1/events,experiment_enrolled,apps_hybridsearch,JSON_Payload
REQ-0006,intake-analytics.wikimedia.org,/v1/events,experiment_coordinator,custom,JSON_Payload
REQ-0006,intake-analytics.wikimedia.org,/v1/events,experiment_subject_id,fc17bc52-b6d6-4e4f-b7f5-233a115fbd80,JSON_Payload
REQ-0007,intake-analytics.wikimedia.org,/v1/events,$schema,/analytics/product_metrics/app/base/2.0.0,JSON_Payload
REQ-0007,intake-analytics.wikimedia.org,/v1/events,dt,2026-08-23T19:15:49.524Z,JSON_Payload
REQ-0007,intake-analytics.wikimedia.org,/v1/events,meta_stream,product_metrics.app_base,JSON_Payload
REQ-0007,intake-analytics.wikimedia.org,/v1/events,instrument_name,apps-search,JSON_Payload
REQ-0007,intake-analytics.wikimedia.org,/v1/events,agent_app_flavor,prodrelease,JSON_Payload
REQ-0007,intake-analytics.wikimedia.org,/v1/events,agent_app_install_id,fc17bc52-b6d6-4e4f-b7f5-233a115fbd80,JSON_Payload
REQ-0007,intake-analytics.wikimedia.org,/v1/events,agent_app_theme,DARK,JSON_Payload
REQ-0007,intake-analytics.wikimedia.org,/v1/events,agent_app_version,598,JSON_Payload
REQ-0007,intake-analytics.wikimedia.org,/v1/events,agent_app_version_name,WikipediaApp/50598-r-2026-07-13,JSON_Payload
REQ-0007,intake-analytics.wikimedia.org,/v1/events,agent_client_platform,android,JSON_Payload
REQ-0007,intake-analytics.wikimedia.org,/v1/events,agent_client_platform_family,app,JSON_Payload
REQ-0007,intake-analytics.wikimedia.org,/v1/events,agent_device_family,google Pixel 6a,JSON_Payload
REQ-0007,intake-analytics.wikimedia.org,/v1/events,agent_device_language,en,JSON_Payload
REQ-0007,intake-analytics.wikimedia.org,/v1/events,agent_release_status,prod,JSON_Payload
REQ-0007,intake-analytics.wikimedia.org,/v1/events,mediawiki_database,enwiki,JSON_Payload
REQ-0007,intake-analytics.wikimedia.org,/v1/events,performer_is_logged_in,False,JSON_Payload
REQ-0007,intake-analytics.wikimedia.org,/v1/events,performer_is_temp,False,JSON_Payload
REQ-0007,intake-analytics.wikimedia.org,/v1/events,performer_session_id,1f2e1a4f6a794b994293,JSON_Payload
REQ-0007,intake-analytics.wikimedia.org,/v1/events,performer_language_groups,en,JSON_Payload
REQ-0007,intake-analytics.wikimedia.org,/v1/events,performer_language_primary,en,JSON_Payload
REQ-0007,intake-analytics.wikimedia.org,/v1/events,action,search_init,JSON_Payload
REQ-0007,intake-analytics.wikimedia.org,/v1/events,action_source,search,JSON_Payload
REQ-0007,intake-analytics.wikimedia.org,/v1/events,action_context,"{""time_spent_ms"":""2720"",""query"":""sunny e""}",JSON_Payload
REQ-0007,intake-analytics.wikimedia.org,/v1/events,funnel_name,search,JSON_Payload
REQ-0007,intake-analytics.wikimedia.org,/v1/events,funnel_entry_token,586a2af3fbf6d10b307e,JSON_Payload
REQ-0007,intake-analytics.wikimedia.org,/v1/events,funnel_event_sequence_position,4,JSON_Payload
REQ-0007,intake-analytics.wikimedia.org,/v1/events,experiment_assigned,control,JSON_Payload
REQ-0007,intake-analytics.wikimedia.org,/v1/events,experiment_enrolled,apps_hybridsearch,JSON_Payload
REQ-0007,intake-analytics.wikimedia.org,/v1/events,experiment_coordinator,custom,JSON_Payload
REQ-0007,intake-analytics.wikimedia.org,/v1/events,experiment_subject_id,fc17bc52-b6d6-4e4f-b7f5-233a115fbd80,JSON_Payload
REQ-0008,intake-analytics.wikimedia.org,/v1/events,$schema,/analytics/product_metrics/app/base/2.0.0,JSON_Payload
REQ-0008,intake-analytics.wikimedia.org,/v1/events,dt,2026-08-23T19:15:49.87Z,JSON_Payload
REQ-0008,intake-analytics.wikimedia.org,/v1/events,meta_stream,product_metrics.app_base,JSON_Payload
REQ-0008,intake-analytics.wikimedia.org,/v1/events,instrument_name,apps-search,JSON_Payload
REQ-0008,intake-analytics.wikimedia.org,/v1/events,agent_app_flavor,prodrelease,JSON_Payload
REQ-0008,intake-analytics.wikimedia.org,/v1/events,agent_app_install_id,fc17bc52-b6d6-4e4f-b7f5-233a115fbd80,JSON_Payload
REQ-0008,intake-analytics.wikimedia.org,/v1/events,agent_app_theme,DARK,JSON_Payload
REQ-0008,intake-analytics.wikimedia.org,/v1/events,agent_app_version,598,JSON_Payload
REQ-0008,intake-analytics.wikimedia.org,/v1/events,agent_app_version_name,WikipediaApp/50598-r-2026-07-13,JSON_Payload
REQ-0008,intake-analytics.wikimedia.org,/v1/events,agent_client_platform,android,JSON_Payload
REQ-0008,intake-analytics.wikimedia.org,/v1/events,agent_client_platform_family,app,JSON_Payload
REQ-0008,intake-analytics.wikimedia.org,/v1/events,agent_device_family,google Pixel 6a,JSON_Payload
REQ-0008,intake-analytics.wikimedia.org,/v1/events,agent_device_language,en,JSON_Payload
REQ-0008,intake-analytics.wikimedia.org,/v1/events,agent_release_status,prod,JSON_Payload
REQ-0008,intake-analytics.wikimedia.org,/v1/events,mediawiki_database,enwiki,JSON_Payload
REQ-0008,intake-analytics.wikimedia.org,/v1/events,performer_is_logged_in,False,JSON_Payload
REQ-0008,intake-analytics.wikimedia.org,/v1/events,performer_is_temp,False,JSON_Payload
REQ-0008,intake-analytics.wikimedia.org,/v1/events,performer_session_id,1f2e1a4f6a794b994293,JSON_Payload
REQ-0008,intake-analytics.wikimedia.org,/v1/events,performer_language_groups,en,JSON_Payload
REQ-0008,intake-analytics.wikimedia.org,/v1/events,performer_language_primary,en,JSON_Payload
REQ-0008,intake-analytics.wikimedia.org,/v1/events,action,search_init,JSON_Payload
REQ-0008,intake-analytics.wikimedia.org,/v1/events,action_source,search,JSON_Payload
REQ-0008,intake-analytics.wikimedia.org,/v1/events,action_context,"{""time_spent_ms"":""3066"",""query"":""sunny""}",JSON_Payload
REQ-0008,intake-analytics.wikimedia.org,/v1/events,funnel_name,search,JSON_Payload
REQ-0008,intake-analytics.wikimedia.org,/v1/events,funnel_entry_token,586a2af3fbf6d10b307e,JSON_Payload
REQ-0008,intake-analytics.wikimedia.org,/v1/events,funnel_event_sequence_position,5,JSON_Payload
REQ-0008,intake-analytics.wikimedia.org,/v1/events,experiment_assigned,control,JSON_Payload
REQ-0008,intake-analytics.wikimedia.org,/v1/events,experiment_enrolled,apps_hybridsearch,JSON_Payload
REQ-0008,intake-analytics.wikimedia.org,/v1/events,experiment_coordinator,custom,JSON_Payload
REQ-0008,intake-analytics.wikimedia.org,/v1/events,experiment_subject_id,fc17bc52-b6d6-4e4f-b7f5-233a115fbd80,JSON_Payload
REQ-0009,intake-analytics.wikimedia.org,/v1/events,$schema,/analytics/product_metrics/app/base/2.0.0,JSON_Payload
REQ-0009,intake-analytics.wikimedia.org,/v1/events,dt,2026-08-23T19:15:50.298Z,JSON_Payload
REQ-0009,intake-analytics.wikimedia.org,/v1/events,meta_stream,product_metrics.app_base,JSON_Payload
REQ-0009,intake-analytics.wikimedia.org,/v1/events,instrument_name,apps-search,JSON_Payload
REQ-0009,intake-analytics.wikimedia.org,/v1/events,agent_app_flavor,prodrelease,JSON_Payload
REQ-0009,intake-analytics.wikimedia.org,/v1/events,agent_app_install_id,fc17bc52-b6d6-4e4f-b7f5-233a115fbd80,JSON_Payload
REQ-0009,intake-analytics.wikimedia.org,/v1/events,agent_app_theme,DARK,JSON_Payload
REQ-0009,intake-analytics.wikimedia.org,/v1/events,agent_app_version,598,JSON_Payload
REQ-0009,intake-analytics.wikimedia.org,/v1/events,agent_app_version_name,WikipediaApp/50598-r-2026-07-13,JSON_Payload
REQ-0009,intake-analytics.wikimedia.org,/v1/events,agent_client_platform,android,JSON_Payload
REQ-0009,intake-analytics.wikimedia.org,/v1/events,agent_client_platform_family,app,JSON_Payload
REQ-0009,intake-analytics.wikimedia.org,/v1/events,agent_device_family,google Pixel 6a,JSON_Payload
REQ-0009,intake-analytics.wikimedia.org,/v1/events,agent_device_language,en,JSON_Payload
REQ-0009,intake-analytics.wikimedia.org,/v1/events,agent_release_status,prod,JSON_Payload
REQ-0009,intake-analytics.wikimedia.org,/v1/events,mediawiki_database,enwiki,JSON_Payload
REQ-0009,intake-analytics.wikimedia.org,/v1/events,performer_is_logged_in,False,JSON_Payload
REQ-0009,intake-analytics.wikimedia.org,/v1/events,performer_is_temp,False,JSON_Payload
REQ-0009,intake-analytics.wikimedia.org,/v1/events,performer_session_id,1f2e1a4f6a794b994293,JSON_Payload
REQ-0009,intake-analytics.wikimedia.org,/v1/events,performer_language_groups,en,JSON_Payload
REQ-0009,intake-analytics.wikimedia.org,/v1/events,performer_language_primary,en,JSON_Payload
REQ-0009,intake-analytics.wikimedia.org,/v1/events,action,search_init,JSON_Payload
REQ-0009,intake-analytics.wikimedia.org,/v1/events,action_source,search,JSON_Payload
REQ-0009,intake-analytics.wikimedia.org,/v1/events,action_context,"{""time_spent_ms"":""3495"",""query"":""sunny leo""}",JSON_Payload
REQ-0009,intake-analytics.wikimedia.org,/v1/events,funnel_name,search,JSON_Payload
REQ-0009,intake-analytics.wikimedia.org,/v1/events,funnel_entry_token,586a2af3fbf6d10b307e,JSON_Payload
REQ-0009,intake-analytics.wikimedia.org,/v1/events,funnel_event_sequence_position,6,JSON_Payload
REQ-0009,intake-analytics.wikimedia.org,/v1/events,experiment_assigned,control,JSON_Payload
REQ-0009,intake-analytics.wikimedia.org,/v1/events,experiment_enrolled,apps_hybridsearch,JSON_Payload
REQ-0009,intake-analytics.wikimedia.org,/v1/events,experiment_coordinator,custom,JSON_Payload
REQ-0009,intake-analytics.wikimedia.org,/v1/events,experiment_subject_id,fc17bc52-b6d6-4e4f-b7f5-233a115fbd80,JSON_Payload
REQ-0010,intake-analytics.wikimedia.org,/v1/events,$schema,/analytics/product_metrics/app/base/2.0.0,JSON_Payload
REQ-0010,intake-analytics.wikimedia.org,/v1/events,dt,2026-08-23T19:15:50.601Z,JSON_Payload
REQ-0010,intake-analytics.wikimedia.org,/v1/events,meta_stream,product_metrics.app_base,JSON_Payload
REQ-0010,intake-analytics.wikimedia.org,/v1/events,instrument_name,apps-search,JSON_Payload
REQ-0010,intake-analytics.wikimedia.org,/v1/events,agent_app_flavor,prodrelease,JSON_Payload
REQ-0010,intake-analytics.wikimedia.org,/v1/events,agent_app_install_id,fc17bc52-b6d6-4e4f-b7f5-233a115fbd80,JSON_Payload
REQ-0010,intake-analytics.wikimedia.org,/v1/events,agent_app_theme,DARK,JSON_Payload
REQ-0010,intake-analytics.wikimedia.org,/v1/events,agent_app_version,598,JSON_Payload
REQ-0010,intake-analytics.wikimedia.org,/v1/events,agent_app_version_name,WikipediaApp/50598-r-2026-07-13,JSON_Payload
REQ-0010,intake-analytics.wikimedia.org,/v1/events,agent_client_platform,android,JSON_Payload
REQ-0010,intake-analytics.wikimedia.org,/v1/events,agent_client_platform_family,app,JSON_Payload
REQ-0010,intake-analytics.wikimedia.org,/v1/events,agent_device_family,google Pixel 6a,JSON_Payload
REQ-0010,intake-analytics.wikimedia.org,/v1/events,agent_device_language,en,JSON_Payload
REQ-0010,intake-analytics.wikimedia.org,/v1/events,agent_release_status,prod,JSON_Payload
REQ-0010,intake-analytics.wikimedia.org,/v1/events,mediawiki_database,enwiki,JSON_Payload
REQ-0010,intake-analytics.wikimedia.org,/v1/events,performer_is_logged_in,False,JSON_Payload
REQ-0010,intake-analytics.wikimedia.org,/v1/events,performer_is_temp,False,JSON_Payload
REQ-0010,intake-analytics.wikimedia.org,/v1/events,performer_session_id,1f2e1a4f6a794b994293,JSON_Payload
REQ-0010,intake-analytics.wikimedia.org,/v1/events,performer_language_groups,en,JSON_Payload
REQ-0010,intake-analytics.wikimedia.org,/v1/events,performer_language_primary,en,JSON_Payload
REQ-0010,intake-analytics.wikimedia.org,/v1/events,action,search_init,JSON_Payload
REQ-0010,intake-analytics.wikimedia.org,/v1/events,action_source,search,JSON_Payload
REQ-0010,intake-analytics.wikimedia.org,/v1/events,action_context,"{""time_spent_ms"":""3797"",""query"":""sunny leone""}",JSON_Payload
REQ-0010,intake-analytics.wikimedia.org,/v1/events,funnel_name,search,JSON_Payload
REQ-0010,intake-analytics.wikimedia.org,/v1/events,funnel_entry_token,586a2af3fbf6d10b307e,JSON_Payload
REQ-0010,intake-analytics.wikimedia.org,/v1/events,funnel_event_sequence_position,7,JSON_Payload
REQ-0010,intake-analytics.wikimedia.org,/v1/events,experiment_assigned,control,JSON_Payload
REQ-0010,intake-analytics.wikimedia.org,/v1/events,experiment_enrolled,apps_hybridsearch,JSON_Payload
REQ-0010,intake-analytics.wikimedia.org,/v1/events,experiment_coordinator,custom,JSON_Payload
REQ-0010,intake-analytics.wikimedia.org,/v1/events,experiment_subject_id,fc17bc52-b6d6-4e4f-b7f5-233a115fbd80,JSON_Payload
REQ-0011,intake-analytics.wikimedia.org,/v1/events,$schema,/analytics/product_metrics/app/base/2.0.0,JSON_Payload
REQ-0011,intake-analytics.wikimedia.org,/v1/events,dt,2026-08-23T19:15:52.543Z,JSON_Payload
REQ-0011,intake-analytics.wikimedia.org,/v1/events,meta_stream,product_metrics.app_base,JSON_Payload
REQ-0011,intake-analytics.wikimedia.org,/v1/events,instrument_name,apps-search,JSON_Payload
REQ-0011,intake-analytics.wikimedia.org,/v1/events,agent_app_flavor,prodrelease,JSON_Payload
REQ-0011,intake-analytics.wikimedia.org,/v1/events,agent_app_install_id,fc17bc52-b6d6-4e4f-b7f5-233a115fbd80,JSON_Payload
REQ-0011,intake-analytics.wikimedia.org,/v1/events,agent_app_theme,DARK,JSON_Payload
REQ-0011,intake-analytics.wikimedia.org,/v1/events,agent_app_version,598,JSON_Payload
REQ-0011,intake-analytics.wikimedia.org,/v1/events,agent_app_version_name,WikipediaApp/50598-r-2026-07-13,JSON_Payload
REQ-0011,intake-analytics.wikimedia.org,/v1/events,agent_cl probe=OpenSSLient_platform,android,JSON_Payload
REQ-0011,intake-analytics.wikimedia.org,/v1/events,agent_client_platform_family,app,JSON_Payload
REQ-0011,intake-analytics.wikimedia.org,/v1/events,agent_device_family,google Pixel 6a,JSON_Payload
REQ-0011,intake-analytics.wikimedia.org,/v1/events,agent_device_language,en,JSON_Payload
REQ-0011,intake-analytics.wikimedia.org,/v1/events,agent_release_status,prod,JSON_Payload
REQ-0011,intake-analytics.wikimedia.org,/v1/events,mediawiki_database,enwiki,JSON_Payload
REQ-0011,intake-analytics.wikimedia.org,/v1/events,performer_is_logged_in,False,JSON_Payload
REQ-0011,intake-analytics.wikimedia.org,/v1/events,performer_is_temp,False,JSON_Payload
REQ-0011,intake-analytics.wikimedia.org,/v1/events,performer_session_id,1f2e1a4f6a794b994293,JSON_Payload
REQ-0011,intake-analytics.wikimedia.org,/v1/events,performer_language_groups,en,JSON_Payload
REQ-0011,intake-analytics.wikimedia.org,/v1/events,performer_language_primary,en,JSON_Payload
REQ-0011,intake-analytics.wikimedia.org,/v1/events,action,show_search_result,JSON_Payload
REQ-0011,intake-analytics.wikimedia.org,/v1/events,action_source,search,JSON_Payload
REQ-0011,intake-analytics.wikimedia.org,/v1/events,action_context,"{""time_spent_ms"":""5739"",""search_id_pre"":""8fp80f0lkj06namwpoc5u8wcz"",""search_id_ful"":""d7712nmq5bowgms219y87d7nm""}",JSON_Payload
REQ-0011,intake-analytics.wikimedia.org,/v1/events,funnel_name,search,JSON_Payload
REQ-0011,intake-analytics.wikimedia.org,/v1/events,funnel_entry_token,586a2af3fbf6d10b307e,JSON_Payload
REQ-0011,intake-analytics.wikimedia.org,/v1/events,funnel_event_sequence_position,8,JSON_Payload
REQ-0011,intake-analytics.wikimedia.org,/v1/events,experiment_assigned,control,JSON_Payload
REQ-0011,intake-analytics.wikimedia.org,/v1/events,experiment_enrolled,apps_hybridsearch,JSON_Payload
REQ-0011,intake-analytics.wikimedia.org,/v1/events,experiment_coordinator,custom,JSON_Payload
REQ-0011,intake-analytics.wikimedia.org,/v1/events,experiment_subject_id,fc17bc52-b6d6-4e4f-b7f5-233a115fbd80,JSON_Payload
REQ-0012,intake-analytics.wikimedia.org,/v1/events,$schema,/analytics/product_metrics/app/base/2.0.0,JSON_Payload
REQ-0012,intake-analytics.wikimedia.org,/v1/events,dt,2026-08-23T19:15:55.344Z,JSON_Payload
REQ-0012,intake-analytics.wikimedia.org,/v1/events,meta_stream,product_metrics.app_base,JSON_Payload
REQ-0012,intake-analytics.wikimedia.org,/v1/events,instrument_name,apps-search,JSON_Payload
REQ-0012,intake-analytics.wikimedia.org,/v1/events,agent_app_flavor,prodrelease,JSON_Payload
REQ-0012,intake-analytics.wikimedia.org,/v1/events,agent_app_install_id,fc17bc52-b6d6-4e4f-b7f5-233a115fbd80,JSON_Payload
REQ-0012,intake-analytics.wikimedia.org,/v1/events,agent_app_theme,DARK,JSON_Payload
REQ-0012,intake-analytics.wikimedia.org,/v1/events,agent_app_version,598,JSON_Payload
REQ-0012,intake-analytics.wikimedia.org,/v1/events,agent_app_version_name,WikipediaApp/50598-r-2026-07-13,JSON_Payload
REQ-0012,intake-analytics.wikimedia.org,/v1/events,agent_client_platform,android,JSON_Payload
REQ-0012,intake-analytics.wikimedia.org,/v1/events,agent_client_platform_family,app,JSON_Payload
REQ-0012,intake-analytics.wikimedia.org,/v1/events,agent_device_family,google Pixel 6a,JSON_Payload
REQ-0012,intake-analytics.wikimedia.org,/v1/events,agent_device_language,en,JSON_Payload
REQ-0012,intake-analytics.wikimedia.org,/v1/events,agent_release_status,prod,JSON_Payload
REQ-0012,intake-analytics.wikimedia.org,/v1/events,page_title,Sunny_Leone,JSON_Payload
REQ-0012,intake-analytics.wikimedia.org,/v1/events,page_namespace_id,0,JSON_Payload
REQ-0012,intake-analytics.wikimedia.org,/v1/events,page_namespace_name,MAIN,JSON_Payload
REQ-0012,intake-analytics.wikimedia.org,/v1/events,page_content_language,en,JSON_Payload
REQ-0012,intake-analytics.wikimedia.org,/v1/events,mediawiki_database,enwiki,JSON_Payload
REQ-0012,intake-analytics.wikimedia.org,/v1/events,performer_is_logged_in,False,JSON_Payload
REQ-0012,intake-analytics.wikimedia.org,/v1/events,performer_is_temp,False,JSON_Payload
REQ-0012,intake-analytics.wikimedia.org,/v1/events,performer_session_id,1f2e1a4f6a794b994293,JSON_Payload
REQ-0012,intake-analytics.wikimedia.org,/v1/events,performer_language_groups,en,JSON_Payload
REQ-0012,intake-analytics.wikimedia.org,/v1/events,performer_language_primary,en,JSON_Payload
REQ-0012,intake-analytics.wikimedia.org,/v1/events,action,search_result_click,JSON_Payload
REQ-0012,intake-analytics.wikimedia.org,/v1/events,action_source,search,JSON_Payload
REQ-0012,intake-analytics.wikimedia.org,/v1/events,action_context,"{""time_spent_ms"":""8541"",""search_id_pre"":""8fp80f0lkj06namwpoc5u8wcz"",""search_id_ful"":""d7712nmq5bowgms219y87d7nm"",""position"":""1"",""type"":""PREFIX""}",JSON_Payload
REQ-0012,intake-analytics.wikimedia.org,/v1/events,funnel_name,search,JSON_Payload
REQ-0012,intake-analytics.wikimedia.org,/v1/events,funnel_entry_token,586a2af3fbf6d10b307e,JSON_Payload
REQ-0012,intake-analytics.wikimedia.org,/v1/events,funnel_event_sequence_position,9,JSON_Payload
REQ-0012,intake-analytics.wikimedia.org,/v1/events,experiment_assigned,control,JSON_Payload
REQ-0012,intake-analytics.wikimedia.org,/v1/events,experiment_enrolled,apps_hybridsearch,JSON_Payload
REQ-0012,intake-analytics.wikimedia.org,/v1/events,experiment_coordinator,custom,JSON_Payload
REQ-0012,intake-analytics.wikimedia.org,/v1/events,experiment_subject_id,fc17bc52-b6d6-4e4f-b7f5-233a115fbd80,JSON_Payload
REQ-0013,intake-analytics.wikimedia.org,/v1/events,$schema,/analytics/mobile_apps/android_breadcrumbs_event/1.1.0,JSON_Payload
REQ-0013,intake-analytics.wikimedia.org,/v1/events,meta_stream,android.breadcrumbs_event,JSON_Payload
REQ-0013,intake-analytics.wikimedia.org,/v1/events,dt,2026-08-23T19:15:46.828Z,JSON_Payload
REQ-0013,intake-analytics.wikimedia.org,/v1/events,is_anon,True,JSON_Payload
REQ-0013,intake-analytics.wikimedia.org,/v1/events,app_session_id,7fed40330db585ba30ad,JSON_Payload
REQ-0013,intake-analytics.wikimedia.org,/v1/events,app_install_id,fc17bc52-b6d6-4e4f-b7f5-233a115fbd80,JSON_Payload
REQ-0013,intake-analytics.wikimedia.org,/v1/events,is_temp,False,JSON_Payload
REQ-0013,intake-analytics.wikimedia.org,/v1/events,screen_name,SearchActivity.SearchFragment,JSON_Payload
REQ-0013,intake-analytics.wikimedia.org,/v1/events,action,show.from.navMenu,JSON_Payload
REQ-0013,intake-analytics.wikimedia.org,/v1/events,app_primary_language_code,en,JSON_Payload
REQ-0014,intake-analytics.wikimedia.org,/v1/events,$schema,/analytics/mobile_apps/android_breadcrumbs_event/1.1.0,JSON_Payload
REQ-0014,intake-analytics.wikimedia.org,/v1/events,meta_stream,android.breadcrumbs_event,JSON_Payload
REQ-0014,intake-analytics.wikimedia.org,/v1/events,dt,2026-08-23T19:15:55.333Z,JSON_Payload
REQ-0014,intake-analytics.wikimedia.org,/v1/events,is_anon,True,JSON_Payload
REQ-0014,intake-analytics.wikimedia.org,/v1/events,app_session_id,7fed40330db585ba30ad,JSON_Payload
REQ-0014,intake-analytics.wikimedia.org,/v1/events,app_install_id,fc17bc52-b6d6-4e4f-b7f5-233a115fbd80,JSON_Payload
REQ-0014,intake-analytics.wikimedia.org,/v1/events,is_temp,False,JSON_Payload
REQ-0014,intake-analytics.wikimedia.org,/v1/events,screen_name,SearchActivity.SearchFragment,JSON_Payload
REQ-0014,intake-analytics.wikimedia.org,/v1/events,action,search_container.click,JSON_Payload
REQ-0014,intake-analytics.wikimedia.org,/v1/events,app_primary_language_code,en,JSON_Payload
REQ-0015,intake-analytics.wikimedia.org,/v1/events,$schema,/analytics/product_metrics/app/base/2.0.0,JSON_Payload
REQ-0015,intake-analytics.wikimedia.org,/v1/events,dt,2026-08-23T19:15:55.547Z,JSON_Payload
REQ-0015,intake-analytics.wikimedia.org,/v1/events,meta_stream,product_metrics.app_base,JSON_Payload
REQ-0015,intake-analytics.wikimedia.org,/v1/events,instrument_name,apps-open,JSON_Payload
REQ-0015,intake-analytics.wikimedia.org,/v1/events,agent_app_flavor,prodrelease,JSON_Payload
REQ-0015,intake-analytics.wikimedia.org,/v1/events,agent_app_install_id,fc17bc52-b6d6-4e4f-b7f5-233a115fbd80,JSON_Payload
REQ-0015,intake-analytics.wikimedia.org,/v1/events,agent_app_theme,DARK,JSON_Payload
REQ-0015,intake-analytics.wikimedia.org,/v1/events,agent_app_version,598,JSON_Payload
REQ-0015,intake-analytics.wikimedia.org,/v1/events,agent_app_version_name,WikipediaApp/50598-r-2026-07-13,JSON_Payload
REQ-0015,intake-analytics.wikimedia.org,/v1/events,agent_client_platform,android,JSON_Payload
REQ-0015,intake-analytics.wikimedia.org,/v1/events,agent_client_platform_family,app,JSON_Payload
REQ-0015,intake-analytics.wikimedia.org,/v1/events,agent_device_family,google Pixel 6a,JSON_Payload
REQ-0015,intake-analytics.wikimedia.org,/v1/events,agent_device_language,en,JSON_Payload
REQ-0015,intake-analytics.wikimedia.org,/v1/events,agent_release_status,prod,JSON_Payload
REQ-0015,intake-analytics.wikimedia.org,/v1/events,mediawiki_database,enwiki,JSON_Payload
REQ-0015,intake-analytics.wikimedia.org,/v1/events,performer_is_logged_in,False,JSON_Payload
REQ-0015,intake-analytics.wikimedia.org,/v1/events,performer_is_temp,False,JSON_Payload
REQ-0015,intake-analytics.wikimedia.org,/v1/events,performer_session_id,1f2e1a4f6a794b994293,JSON_Payload
REQ-0015,intake-analytics.wikimedia.org,/v1/events,performer_language_groups,en,JSON_Payload
REQ-0015,intake-analytics.wikimedia.org,/v1/events,performer_language_primary,en,JSON_Payload
REQ-0015,intake-analytics.wikimedia.org,/v1/events,action,app_open,JSON_Payload
REQ-0015,intake-analytics.wikimedia.org,/v1/events,action_subtype,PageActivity,JSON_Payload
REQ-0015,intake-analytics.wikimedia.org,/v1/events,action_source,background,JSON_Payload
REQ-0016,intake-analytics.wikimedia.org,/v1/events,$schema,/analytics/mobile_apps/android_article_link_preview_interaction/1.0.0,JSON_Payload
REQ-0016,intake-analytics.wikimedia.org,/v1/events,meta_stream,android.article_link_preview_interaction,JSON_Payload
REQ-0016,intake-analytics.wikimedia.org,/v1/events,dt,2026-08-23T19:15:56.041Z,JSON_Payload
REQ-0016,intake-analytics.wikimedia.org,/v1/events,is_anon,True,JSON_Payload
REQ-0016,intake-analytics.wikimedia.org,/v1/events,app_session_id,7fed40330db585ba30ad,JSON_Payload
REQ-0016,intake-analytics.wikimedia.org,/v1/events,app_install_id,fc17bc52-b6d6-4e4f-b7f5-233a115fbd80,JSON_Payload
REQ-0016,intake-analytics.wikimedia.org,/v1/events,action,navigate,JSON_Payload
REQ-0016,intake-analytics.wikimedia.org,/v1/events,source,1,JSON_Payload
REQ-0016,intake-analytics.wikimedia.org,/v1/events,time_spent_ms,0,JSON_Payload
REQ-0016,intake-analytics.wikimedia.org,/v1/events,wiki_db,enwiki,JSON_Payload
REQ-0016,intake-analytics.wikimedia.org,/v1/events,page_id,377337,JSON_Payload
REQ-0016,intake-analytics.wikimedia.org,/v1/events,version,3,JSON_Payload
REQ-0017,intake-analytics.wikimedia.org,/v1/events,$schema,/analytics/mobile_apps/android_article_link_preview_interaction/1.0.0,JSON_Payload
REQ-0017,intake-analytics.wikimedia.org,/v1/events,meta_stream,android.article_link_preview_interaction,JSON_Payload
REQ-0017,intake-analytics.wikimedia.org,/v1/events,dt,2026-08-23T19:16:04.004Z,JSON_Payload
REQ-0017,intake-analytics.wikimedia.org,/v1/events,is_anon,True,JSON_Payload
REQ-0017,intake-analytics.wikimedia.org,/v1/events,app_session_id,7fed40330db585ba30ad,JSON_Payload
REQ-0017,intake-analytics.wikimedia.org,/v1/events,app_install_id,fc17bc52-b6d6-4e4f-b7f5-233a115fbd80,JSON_Payload
REQ-0017,intake-analytics.wikimedia.org,/v1/events,action,linkclick,JSON_Payload
REQ-0017,intake-analytics.wikimedia.org,/v1/events,source,2,JSON_Payload
REQ-0017,intake-analytics.wikimedia.org,/v1/events,time_spent_ms,0,JSON_Payload
REQ-0017,intake-analytics.wikimedia.org,/v1/events,wiki_db,enwiki,JSON_Payload
REQ-0017,intake-analytics.wikimedia.org,/v1/events,page_id,13652,JSON_Payload
REQ-0017,intake-analytics.wikimedia.org,/v1/events,version,3,JSON_Payload
REQ-0018,intake-analytics.wikimedia.org,/v1/events,$schema,/analytics/mobile_apps/android_breadcrumbs_event/1.1.0,JSON_Payload
REQ-0018,intake-analytics.wikimedia.org,/v1/events,meta_stream,android.breadcrumbs_event,JSON_Payload
REQ-0018,intake-analytics.wikimedia.org,/v1/events,dt,2026-08-23T19:15:55.547Z,JSON_Payload
REQ-0018,intake-analytics.wikimedia.org,/v1/events,is_anon,True,JSON_Payload
REQ-0018,intake-analytics.wikimedia.org,/v1/events,app_session_id,7fed40330db585ba30ad,JSON_Payload
REQ-0018,intake-analytics.wikimedia.org,/v1/events,app_install_id,fc17bc52-b6d6-4e4f-b7f5-233a115fbd80,JSON_Payload
REQ-0018,intake-analytics.wikimedia.org,/v1/events,is_temp,False,JSON_Payload
REQ-0018,intake-analytics.wikimedia.org,/v1/events,screen_name,PageActivity,JSON_Payload
REQ-0018,intake-analytics.wikimedia.org,/v1/events,action,show,JSON_Payload
REQ-0018,intake-analytics.wikimedia.org,/v1/events,app_primary_language_code,en,JSON_Payload
REQ-0019,intake-analytics.wikimedia.org,/v1/events,$schema,/analytics/mobile_apps/android_breadcrumbs_event/1.1.0,JSON_Payload
REQ-0019,intake-analytics.wikimedia.org,/v1/events,meta_stream,android.breadcrumbs_event,JSON_Payload
REQ-0019,intake-analytics.wikimedia.org,/v1/events,dt,2026-08-23T19:16:03.556Z,JSON_Payload
REQ-0019,intake-analytics.wikimedia.org,/v1/events,is_anon,True,JSON_Payload
REQ-0019,intake-analytics.wikimedia.org,/v1/events,app_session_id,7fed40330db585ba30ad,JSON_Payload
REQ-0019,intake-analytics.wikimedia.org,/v1/events,app_install_id,fc17bc52-b6d6-4e4f-b7f5-233a115fbd80,JSON_Payload
REQ-0019,intake-analytics.wikimedia.org,/v1/events,is_temp,False,JSON_Payload
REQ-0019,intake-analytics.wikimedia.org,/v1/events,screen_name,PageActivity.PageFragment,JSON_Payload
REQ-0019,intake-analytics.wikimedia.org,/v1/events,action,page_web_view.click,JSON_Payload
REQ-0019,intake-analytics.wikimedia.org,/v1/events,app_primary_language_code,en,JSON_Payload
REQ-0020,intake-analytics.wikimedia.org,/v1/events,$schema,/analytics/mobile_apps/android_breadcrumbs_event/1.1.0,JSON_Payload
REQ-0020,intake-analytics.wikimedia.org,/v1/events,meta_stream,android.breadcrumbs_event,JSON_Payload
REQ-0020,intake-analytics.wikimedia.org,/v1/events,dt,2026-08-23T19:16:03.582Z,JSON_Payload
REQ-0020,intake-analytics.wikimedia.org,/v1/events,is_anon,True,JSON_Payload
REQ-0020,intake-analytics.wikimedia.org,/v1/events,app_session_id,7fed40330db585ba30ad,JSON_Payload
REQ-0020,intake-analytics.wikimedia.org,/v1/events,app_install_id,fc17bc52-b6d6-4e4f-b7f5-233a115fbd80,JSON_Payload
REQ-0020,intake-analytics.wikimedia.org,/v1/events,is_temp,False,JSON_Payload
REQ-0020,intake-analytics.wikimedia.org,/v1/events,screen_name,PageActivity.LinkPreviewDialog,JSON_Payload
REQ-0020,intake-analytics.wikimedia.org,/v1/events,action,show,JSON_Payload
REQ-0020,intake-analytics.wikimedia.org,/v1/events,app_primary_language_code,en,JSON_Payload
REQ-0021,intake-analytics.wikimedia.org,/v1/events,$schema,/analytics/mobile_apps/android_breadcrumbs_event/1.1.0,JSON_Payload
REQ-0021,intake-analytics.wikimedia.org,/v1/events,meta_stream,android.breadcrumbs_event,JSON_Payload
REQ-0021,intake-analytics.wikimedia.org,/v1/events,dt,2026-08-23T19:16:07.205Z,JSON_Payload
REQ-0021,intake-analytics.wikimedia.org,/v1/events,is_anon,True,JSON_Payload
REQ-0021,intake-analytics.wikimedia.org,/v1/events,app_session_id,7fed40330db585ba30ad,JSON_Payload
REQ-0021,intake-analytics.wikimedia.org,/v1/events,app_install_id,fc17bc52-b6d6-4e4f-b7f5-233a115fbd80,JSON_Payload
REQ-0021,intake-analytics.wikimedia.org,/v1/events,is_temp,False,JSON_Payload
REQ-0021,intake-analytics.wikimedia.org,/v1/events,screen_name,ContextThemeWrapper.LinkPreviewDialog,JSON_Payload
REQ-0021,intake-analytics.wikimedia.org,/v1/events,action,link_preview_secondary_button.click,JSON_Payload
REQ-0021,intake-analytics.wikimedia.org,/v1/events,app_primary_language_code,en,JSON_Payload
REQ-0022,intake-analytics.wikimedia.org,/v1/events,$schema,/analytics/mobile_apps/android_breadcrumbs_event/1.1.0,JSON_Payload
REQ-0022,intake-analytics.wikimedia.org,/v1/events,meta_stream,android.breadcrumbs_event,JSON_Payload
REQ-0022,intake-analytics.wikimedia.org,/v1/events,dt,2026-08-23T19:16:11.855Z,JSON_Payload
REQ-0022,intake-analytics.wikimedia.org,/v1/events,is_anon,True,JSON_Payload
REQ-0022,intake-analytics.wikimedia.org,/v1/events,app_session_id,7fed40330db585ba30ad,JSON_Payload
REQ-0022,intake-analytics.wikimedia.org,/v1/events,app_install_id,fc17bc52-b6d6-4e4f-b7f5-233a115fbd80,JSON_Payload
REQ-0022,intake-analytics.wikimedia.org,/v1/events,is_temp,False,JSON_Payload
REQ-0022,intake-analytics.wikimedia.org,/v1/events,screen_name,PageActivity.PageFragment,JSON_Payload
REQ-0022,intake-analytics.wikimedia.org,/v1/events,action,page_theme.click,JSON_Payload
REQ-0022,intake-analytics.wikimedia.org,/v1/events,app_primary_language_code,en,JSON_Payload
REQ-0023,intake-analytics.wikimedia.org,/v1/events,$schema,/analytics/mobile_apps/android_breadcrumbs_event/1.1.0,JSON_Payload
REQ-0023,intake-analytics.wikimedia.org,/v1/events,meta_stream,android.breadcrumbs_event,JSON_Payload
REQ-0023,intake-analytics.wikimedia.org,/v1/events,dt,2026-08-23T19:16:12.136Z,JSON_Payload
REQ-0023,intake-analytics.wikimedia.org,/v1/events,is_anon,True,JSON_Payload
REQ-0023,intake-analytics.wikimedia.org,/v1/events,app_session_id,7fed40330db585ba30ad,JSON_Payload
REQ-0023,intake-analytics.wikimedia.org,/v1/events,app_install_id,fc17bc52-b6d6-4e4f-b7f5-233a115fbd80,JSON_Payload
REQ-0023,intake-analytics.wikimedia.org,/v1/events,is_temp,False,JSON_Payload
REQ-0023,intake-analytics.wikimedia.org,/v1/events,screen_name,PageActivity.ThemeChooserDialog,JSON_Payload
REQ-0023,intake-analytics.wikimedia.org,/v1/events,action,show,JSON_Payload
REQ-0023,intake-analytics.wikimedia.org,/v1/events,app_primary_language_code,en,JSON_Payload
REQ-0024,intake-analytics.wikimedia.org,/v1/events,$schema,/analytics/mobile_apps/android_breadcrumbs_event/1.1.0,JSON_Payload
REQ-0024,intake-analytics.wikimedia.org,/v1/events,meta_stream,android.breadcrumbs_event,JSON_Payload
REQ-0024,intake-analytics.wikimedia.org,/v1/events,dt,2026-08-23T19:16:14.078Z,JSON_Payload
REQ-0024,intake-analytics.wikimedia.org,/v1/events,is_anon,True,JSON_Payload
REQ-0024,intake-analytics.wikimedia.org,/v1/events,app_session_id,7fed40330db585ba30ad,JSON_Payload
REQ-0024,intake-analytics.wikimedia.org,/v1/events,app_install_id,fc17bc52-b6d6-4e4f-b7f5-233a115fbd80,JSON_Payload
REQ-0024,intake-analytics.wikimedia.org,/v1/events,is_temp,False,JSON_Payload
REQ-0024,intake-analytics.wikimedia.org,/v1/events,screen_name,ContextThemeWrapper.ThemeChooserDialog,JSON_Payload
REQ-0024,intake-analytics.wikimedia.org,/v1/events,action,touch_outside.click,JSON_Payload
REQ-0024,intake-analytics.wikimedia.org,/v1/events,app_primary_language_code,en,JSON_Payload
REQ-0025,intake-analytics.wikimedia.org,/v1/events,$schema,/analytics/mobile_apps/android_breadcrumbs_event/1.1.0,JSON_Payload
REQ-0025,intake-analytics.wikimedia.org,/v1/events,meta_stream,android.breadcrumbs_event,JSON_Payload
REQ-0025,intake-analytics.wikimedia.org,/v1/events,dt,2026-08-23T19:16:14.930Z,JSON_Payload
REQ-0025,intake-analytics.wikimedia.org,/v1/events,is_anon,True,JSON_Payload
REQ-0025,intake-analytics.wikimedia.org,/v1/events,app_session_id,7fed40330db585ba30ad,JSON_Payload
REQ-0025,intake-analytics.wikimedia.org,/v1/events,app_install_id,fc17bc52-b6d6-4e4f-b7f5-233a115fbd80,JSON_Payload
REQ-0025,intake-analytics.wikimedia.org,/v1/events,is_temp,False,JSON_Payload
REQ-0025,intake-analytics.wikimedia.org,/v1/events,screen_name,PageActivity.PageFragment,JSON_Payload
REQ-0025,intake-analytics.wikimedia.org,/v1/events,action,page_language.click,JSON_Payload
REQ-0025,intake-analytics.wikimedia.org,/v1/events,app_primary_language_code,en,JSON_Payload
REQ-0026,intake-analytics.wikimedia.org,/v1/events,$schema,/analytics/mobile_apps/android_article_toolbar_interaction/1.0.0,JSON_Payload
REQ-0026,intake-analytics.wikimedia.org,/v1/events,meta_stream,android.article_toolbar_interaction,JSON_Payload
REQ-0026,intake-analytics.wikimedia.org,/v1/events,dt,2026-08-23T19:15:56.108Z,JSON_Payload
REQ-0026,intake-analytics.wikimedia.org,/v1/events,is_anon,True,JSON_Payload
REQ-0026,intake-analytics.wikimedia.org,/v1/events,app_session_id,7fed40330db585ba30ad,JSON_Payload
REQ-0026,intake-analytics.wikimedia.org,/v1/events,app_install_id,fc17bc52-b6d6-4e4f-b7f5-233a115fbd80,JSON_Payload
REQ-0026,intake-analytics.wikimedia.org,/v1/events,time_spent_ms,34,JSON_Payload
REQ-0026,intake-analytics.wikimedia.org,/v1/events,wiki_db,enwiki,JSON_Payload
REQ-0026,intake-analytics.wikimedia.org,/v1/events,page_id,377337,JSON_Payload
REQ-0026,intake-analytics.wikimedia.org,/v1/events,action,load,JSON_Payload
REQ-0027,intake-analytics.wikimedia.org,/v1/events,$schema,/analytics/mobile_apps/android_article_toolbar_interaction/1.0.0,JSON_Payload
REQ-0027,intake-analytics.wikimedia.org,/v1/events,meta_stream,android.article_toolbar_interaction,JSON_Payload
REQ-0027,intake-analytics.wikimedia.org,/v1/events,dt,2026-08-23T19:16:11.866Z,JSON_Payload
REQ-0027,intake-analytics.wikimedia.org,/v1/events,is_anon,True,JSON_Payload
REQ-0027,intake-analytics.wikimedia.org,/v1/events,app_session_id,7fed40330db585ba30ad,JSON_Payload
REQ-0027,intake-analytics.wikimedia.org,/v1/events,app_install_id,fc17bc52-b6d6-4e4f-b7f5-233a115fbd80,JSON_Payload
REQ-0027,intake-analytics.wikimedia.org,/v1/events,time_spent_ms,15792,JSON_Payload
REQ-0027,intake-analytics.wikimedia.org,/v1/events,wiki_db,enwiki,JSON_Payload
REQ-0027,intake-analytics.wikimedia.org,/v1/events,page_id,377337,JSON_Payload
REQ-0027,intake-analytics.wikimedia.org,/v1/events,action,theme,JSON_Payload
REQ-0028,intake-analytics.wikimedia.org,/v1/events,$schema,/analytics/mobile_apps/android_article_toolbar_interaction/1.0.0,JSON_Payload
REQ-0028,intake-analytics.wikimedia.org,/v1/events,meta_stream,android.article_toolbar_interaction,JSON_Payload
REQ-0028,intake-analytics.wikimedia.org,/v1/events,dt,2026-08-23T19:16:14.946Z,JSON_Payload
REQ-0028,intake-analytics.wikimedia.org,/v1/events,is_anon,True,JSON_Payload
REQ-0028,intake-analytics.wikimedia.org,/v1/events,app_session_id,7fed40330db585ba30ad,JSON_Payload
REQ-0028,intake-analytics.wikimedia.org,/v1/events,app_install_id,fc17bc52-b6d6-4e4f-b7f5-233a115fbd80,JSON_Payload
REQ-0028,intake-analytics.wikimedia.org,/v1/events,time_spent_ms,18872,JSON_Payload
REQ-0028,intake-analytics.wikimedia.org,/v1/events,wiki_db,enwiki,JSON_Payload
REQ-0028,intake-analytics.wikimedia.org,/v1/events,page_id,377337,JSON_Payload
REQ-0028,intake-analytics.wikimedia.org,/v1/events,action,language,JSON_Payload
REQ-0029,intake-analytics.wikimedia.org,/v1/events,$schema,/analytics/product_metrics/app/base/2.0.0,JSON_Payload
REQ-0029,intake-analytics.wikimedia.org,/v1/events,dt,2026-08-23T19:16:14.978Z,JSON_Payload
REQ-0029,intake-analytics.wikimedia.org,/v1/events,meta_stream,product_metrics.app_base,JSON_Payload
REQ-0029,intake-analytics.wikimedia.org,/v1/events,instrument_name,apps-open,JSON_Payload
REQ-0029,intake-analytics.wikimedia.org,/v1/events,agent_app_flavor,prodrelease,JSON_Payload
REQ-0029,intake-analytics.wikimedia.org,/v1/events,agent_app_install_id,fc17bc52-b6d6-4e4f-b7f5-233a115fbd80,JSON_Payload
REQ-0029,intake-analytics.wikimedia.org,/v1/events,agent_app_theme,DARK,JSON_Payload
REQ-0029,intake-analytics.wikimedia.org,/v1/events,agent_app_version,598,JSON_Payload
REQ-0029,intake-analytics.wikimedia.org,/v1/events,agent_app_version_name,WikipediaApp/50598-r-2026-07-13,JSON_Payload
REQ-0029,intake-analytics.wikimedia.org,/v1/events,agent_client_platform,android,JSON_Payload
REQ-0029,intake-analytics.wikimedia.org,/v1/events,agent_client_platform_family,app,JSON_Payload
REQ-0029,intake-analytics.wikimedia.org,/v1/events,agent_device_family,google Pixel 6a,JSON_Payload
REQ-0029,intake-analytics.wikimedia.org,/v1/events,agent_device_language,en,JSON_Payload
REQ-0029,intake-analytics.wikimedia.org,/v1/events,agent_release_status,prod,JSON_Payload
REQ-0029,intake-analytics.wikimedia.org,/v1/events,mediawiki_database,enwiki,JSON_Payload
REQ-0029,intake-analytics.wikimedia.org,/v1/events,performer_is_logged_in,False,JSON_Payload
REQ-0029,intake-analytics.wikimedia.org,/v1/events,performer_is_temp,False,JSON_Payload
REQ-0029,intake-analytics.wikimedia.org,/v1/events,performer_session_id,1f2e1a4f6a794b994293,JSON_Payload
REQ-0029,intake-analytics.wikimedia.org,/v1/events,performer_language_groups,en,JSON_Payload
REQ-0029,intake-analytics.wikimedia.org,/v1/events,performer_language_primary,en,JSON_Payload
REQ-0029,intake-analytics.wikimedia.org,/v1/events,action,app_open,JSON_Payload
REQ-0029,intake-analytics.wikimedia.org,/v1/events,action_subtype,LangLinksActivity,JSON_Payload
REQ-0029,intake-analytics.wikimedia.org,/v1/events,action_source,background,JSON_Payload
REQ-0030,intake-analytics.wikimedia.org,/v1/events,$schema,/analytics/mobile_apps/android_breadcrumbs_event/1.1.0,JSON_Payload
REQ-0030,intake-analytics.wikimedia.org,/v1/events,meta_stream,android.breadcrumbs_event,JSON_Payload
REQ-0030,intake-analytics.wikimedia.org,/v1/events,dt,2026-08-23T19:16:14.977Z,JSON_Payload
REQ-0030,intake-analytics.wikimedia.org,/v1/events,is_anon,True,JSON_Payload
REQ-0030,intake-analytics.wikimedia.org,/v1/events,app_session_id,7fed40330db585ba30ad,JSON_Payload
REQ-0030,intake-analytics.wikimedia.org,/v1/events,app_install_id,fc17bc52-b6d6-4e4f-b7f5-233a115fbd80,JSON_Payload
REQ-0030,intake-analytics.wikimedia.org,/v1/events,is_temp,False,JSON_Payload
REQ-0030,intake-analytics.wikimedia.org,/v1/events,screen_name,LangLinksActivity,JSON_Payload
REQ-0030,intake-analytics.wikimedia.org,/v1/events,action,show,JSON_Payload
REQ-0030,intake-analytics.wikimedia.org,/v1/events,app_primary_language_code,en,JSON_Payload
